{
  "ke_version": "1.x (real)",
  "corpus_version": "",
  "timestamp": "2026-07-05T17:25:49Z",
  "queries_total": 200,
  "queries_failed": 0,
  "mean_recall_1": 0.075,
  "mean_recall_5": 0.3542,
  "mean_recall_10": 0.5358,
  "mean_precision_5": 0.386,
  "mean_mrr": 0.5527,
  "mean_ndcg": 0.451,
  "map": 0.3566,
  "latency_p50_ms": 79.69,
  "latency_p95_ms": 144.12,
  "latency_p99_ms": 186.5,
  "throughput_qps": 12.07,
  "no_context_rate": 0.27,
  "doc_coverage": 1.0,
  "domain_breakdown": {
    "system": {
      "ndcg_mean": 0.204,
      "count": 70
    },
    "code": {
      "ndcg_mean": 0.6259,
      "count": 65
    },
    "knowledge": {
      "ndcg_mean": 0.5422,
      "count": 65
    }
  },
  "latency_all": [
    39.762926986441016,
    41.076302994042635,
    41.76056000869721,
    42.55936003755778,
    42.9600800271146,
    43.33007999230176,
    43.346815975382924,
    44.36924902256578,
    44.440287980251014,
    44.53964898129925,
    45.110112987458706,
    45.59400101425126,
    45.6017290125601,
    45.736768981441855,
    45.78318499261513,
    45.885632978752255,
    46.63800197886303,
    47.115713998209685,
    47.41963400738314,
    48.65011398214847,
    48.87377796694636,
    49.53206598293036,
    50.50693097291514,
    51.64749099640176,
    51.721651980187744,
    51.75609898287803,
    53.53122000815347,
    54.407283954788,
    55.209252052009106,
    56.4855569973588,
    56.755108991637826,
    57.25131800863892,
    57.4601810076274,
    57.842548994813114,
    57.96871002530679,
    58.28226200537756,
    59.40311000449583,
    62.502742977812886,
    62.70052003674209,
    63.00634401850402,
    63.40216804528609,
    63.47628001822159,
    63.51040804293007,
    63.79165599355474,
    63.9397680060938,
    64.14485501591116,
    64.85357595374808,
    64.85896796220914,
    65.14568801503628,
    65.5221680062823,
    66.11605599755421,
    66.12621597014368,
    66.68032903689891,
    67.03186500817537,
    67.03908101189882,
    67.27882503764704,
    67.3744729720056,
    67.85628100624308,
    68.07188101811334,
    68.2673379778862,
    68.27775400597602,
    68.34359403001145,
    68.75594495795667,
    68.84095398709178,
    69.3543300149031,
    69.36868204502389,
    69.54644195502624,
    69.89770702784881,
    69.97989799128845,
    70.41013898560777,
    70.41855400893837,
    70.51613897783682,
    70.89929102221504,
    71.09122595284134,
    71.59157900605351,
    71.75417098915204,
    71.80751499254256,
    71.85010600369424,
    72.0142989885062,
    72.40930694388226,
    73.81300401175395,
    74.27644298877567,
    74.29759600199759,
    74.61751502705738,
    74.89724300103262,
    75.10610797908157,
    75.37516398588195,
    75.68522897781804,
    75.84366004448384,
    75.92862099409103,
    76.49937301175669,
    77.28422101354226,
    77.44354900205508,
    77.51165999798104,
    77.60220498312265,
    77.92207703460008,
    78.05663702310994,
    78.07306898757815,
    78.5943969967775,
    79.28489398909733,
    79.69457400031388,
    79.70074994955212,
    79.73391696577892,
    79.85940598882735,
    80.60811000177637,
    80.62795002479106,
    80.81428601872176,
    80.85396600654349,
    81.36201399611309,
    81.44758298294619,
    82.08991796709597,
    82.28740695631132,
    82.38091104431078,
    82.89548597531393,
    83.15991901326925,
    83.44903902616352,
    83.4617919754237,
    84.18404695112258,
    84.5588159863837,
    84.78204702259973,
    85.0085589918308,
    85.5347840115428,
    85.65043198177591,
    86.11873601330444,
    86.36161702452227,
    86.40740800183266,
    86.93140797549859,
    87.3022879823111,
    87.31654501752928,
    87.59054396068677,
    87.71584101486951,
    87.78728096513078,
    88.07830401929095,
    88.70766498148441,
    88.93451298354194,
    89.15696101030335,
    89.21100897714496,
    89.31436901912093,
    89.71777802798897,
    89.8209449951537,
    90.05278500262648,
    90.51361697493121,
    90.6323860399425,
    90.81373002845794,
    90.9939690027386,
    91.07672201935202,
    91.736946022138,
    91.74152201740071,
    91.8175220140256,
    91.83478698832914,
    93.0809790152125,
    93.4843389550224,
    93.8268190366216,
    94.65560398530215,
    94.78233999107033,
    95.61827598372474,
    95.6781159620732,
    96.28609998617321,
    97.9626280022785,
    98.01630798028782,
    98.35557197220623,
    98.88469299767166,
    99.06301298178732,
    99.97189295245335,
    100.00035696430132,
    101.14986199187115,
    101.26520501216874,
    101.44319001119584,
    102.15198999503627,
    102.25408599944785,
    102.65221499139443,
    103.74802199658006,
    104.1830779868178,
    104.97258300893009,
    104.9779590102844,
    105.66379898227751,
    108.8326329481788,
    110.65564100863412,
    111.30093794781715,
    112.56519396556541,
    115.10096996789798,
    119.48910099454224,
    121.01447704480961,
    124.35348599683493,
    127.20395100768656,
    130.8224640088156,
    130.94241701764986,
    133.16675298847258,
    138.57304299017414,
    139.30389197776094,
    144.1211579949595,
    152.40828099194914,
    154.65928899357095,
    160.9952279832214,
    169.6725109941326,
    176.00168200442567,
    183.58853203244507,
    186.40459701418877,
    186.49642099626362,
    191.79007201455534
  ]
}