{
  "ke_version": "1.x (mock)",
  "corpus_version": "",
  "timestamp": "2026-07-05T17:00:56Z",
  "queries_total": 200,
  "queries_failed": 0,
  "mean_recall_1": 0.055,
  "mean_recall_5": 0.09,
  "mean_recall_10": 0.09,
  "mean_precision_5": 0.098,
  "mean_mrr": 0.3808,
  "mean_ndcg": 0.1273,
  "map": 0.0735,
  "latency_p50_ms": 0.01,
  "latency_p95_ms": 0.01,
  "latency_p99_ms": 0.03,
  "throughput_qps": 159479.32,
  "no_context_rate": 0.135,
  "doc_coverage": 0.6667,
  "domain_breakdown": {
    "system": {
      "ndcg_mean": 0.0606,
      "count": 70
    },
    "code": {
      "ndcg_mean": 0.2141,
      "count": 65
    },
    "knowledge": {
      "ndcg_mean": 0.1124,
      "count": 65
    }
  },
  "latency_all": [
    0.004943984095007181,
    0.004959991201758385,
    0.004975998308509588,
    0.004975998308509588,
    0.004992005415260792,
    0.005008012522011995,
    0.005024019628763199,
    0.0050720409490168095,
    0.0050879898481070995,
    0.005103996954858303,
    0.005120004061609507,
    0.00513601116836071,
    0.005200039595365524,
    0.005216046702116728,
    0.0052480027079582214,
    0.0052480027079582214,
    0.0052480027079582214,
    0.005264009814709425,
    0.005264009814709425,
    0.0052800169214606285,
    0.005295965820550919,
    0.005311972927302122,
    0.005312031134963036,
    0.005312031134963036,
    0.005327980034053326,
    0.005328038241714239,
    0.005328038241714239,
    0.005343987140804529,
    0.005343987140804529,
    0.005343987140804529,
    0.005343987140804529,
    0.005343987140804529,
    0.005343987140804529,
    0.005343987140804529,
    0.005359994247555733,
    0.005359994247555733,
    0.005375943146646023,
    0.005376001354306936,
    0.005376001354306936,
    0.00539200846105814,
    0.00539200846105814,
    0.00540795736014843,
    0.005424022674560547,
    0.005439971573650837,
    0.00544002978131175,
    0.00544002978131175,
    0.0054559786804020405,
    0.005504000000655651,
    0.005504000000655651,
    0.005504000000655651,
    0.005504000000655651,
    0.005520007107406855,
    0.005520007107406855,
    0.005520007107406855,
    0.005536014214158058,
    0.005536014214158058,
    0.005536014214158058,
    0.005551963113248348,
    0.005552021320909262,
    0.005552021320909262,
    0.005568028427660465,
    0.005583977326750755,
    0.005584035534411669,
    0.005599984433501959,
    0.005599984433501959,
    0.005599984433501959,
    0.005599984433501959,
    0.005600042641162872,
    0.005615991540253162,
    0.005615991540253162,
    0.005631998647004366,
    0.005631998647004366,
    0.0056480057537555695,
    0.0056639546528458595,
    0.005664012860506773,
    0.00569602707400918,
    0.00569602707400918,
    0.00569602707400918,
    0.00571197597309947,
    0.005712034180760384,
    0.005712034180760384,
    0.005727983079850674,
    0.005727983079850674,
    0.005728041287511587,
    0.005728041287511587,
    0.005728041287511587,
    0.005728041287511587,
    0.005743990186601877,
    0.005743990186601877,
    0.005744048394262791,
    0.005744048394262791,
    0.005759997293353081,
    0.005776004400104284,
    0.005776004400104284,
    0.005776004400104284,
    0.005776004400104284,
    0.005776004400104284,
    0.005776004400104284,
    0.005792011506855488,
    0.005792011506855488,
    0.005808018613606691,
    0.005808018613606691,
    0.005823967512696981,
    0.005823967512696981,
    0.005839974619448185,
    0.005856039933860302,
    0.005856039933860302,
    0.005871988832950592,
    0.005871988832950592,
    0.005887995939701796,
    0.005887995939701796,
    0.005904003046452999,
    0.005904003046452999,
    0.005904003046452999,
    0.005920010153204203,
    0.005936017259955406,
    0.005936017259955406,
    0.005936017259955406,
    0.005951966159045696,
    0.00595202436670661,
    0.005968031473457813,
    0.005983980372548103,
    0.005983980372548103,
    0.005984038580209017,
    0.005999987479299307,
    0.00600004568696022,
    0.00601599458605051,
    0.00601599458605051,
    0.006032001692801714,
    0.006032001692801714,
    0.006047950591892004,
    0.006079964805394411,
    0.0060800230130553246,
    0.006095971912145615,
    0.006095971912145615,
    0.006096030119806528,
    0.006112037226557732,
    0.006144051440060139,
    0.006160000339150429,
    0.006160000339150429,
    0.006160000339150429,
    0.006176007445901632,
    0.006192014552652836,
    0.006208021659404039,
    0.006208021659404039,
    0.0062400358729064465,
    0.0062400358729064465,
    0.006287998985499144,
    0.006287998985499144,
    0.006304006092250347,
    0.006320013199001551,
    0.006320013199001551,
    0.006320013199001551,
    0.006320013199001551,
    0.006320013199001551,
    0.006336020305752754,
    0.006367976311594248,
    0.006383983418345451,
    0.006383983418345451,
    0.006399990525096655,
    0.006399990525096655,
    0.006400048732757568,
    0.0064480118453502655,
    0.0064480118453502655,
    0.006463960744440556,
    0.006496033165603876,
    0.006544054485857487,
    0.006560003384947777,
    0.006608024705201387,
    0.0066559878177940845,
    0.006656046025454998,
    0.006656046025454998,
    0.006720016244798899,
    0.006767979357391596,
    0.0068160006776452065,
    0.006864021997898817,
    0.006879970896989107,
    0.006912043318152428,
    0.006943999323993921,
    0.007024034857749939,
    0.007071997970342636,
    0.007199996616691351,
    0.007264025043696165,
    0.007327995263040066,
    0.007360009476542473,
    0.007360009476542473,
    0.00740797258913517,
    0.007439986802637577,
    0.007488008122891188,
    0.007664028089493513,
    0.0078080338425934315,
    0.007887952961027622,
    0.008080038242042065,
    0.008144008461385965,
    0.008351984433829784,
    0.009167997632175684,
    0.010512012522667646,
    0.014847959391772747,
    0.030032009817659855,
    0.031007977668195963
  ]
}