{
  "ke_version": "1.x (real)",
  "corpus_version": "",
  "timestamp": "2026-07-05T17:16:06Z",
  "queries_total": 200,
  "queries_failed": 0,
  "mean_recall_1": 0.0,
  "mean_recall_5": 0.0,
  "mean_recall_10": 0.0,
  "mean_precision_5": 0.0,
  "mean_mrr": 0.0,
  "mean_ndcg": 0.0,
  "map": 0.0,
  "latency_p50_ms": 102.53,
  "latency_p95_ms": 179.07,
  "latency_p99_ms": 268.33,
  "throughput_qps": 8.75,
  "no_context_rate": 0.505,
  "doc_coverage": 0.0,
  "domain_breakdown": {
    "system": {
      "ndcg_mean": 0.0,
      "count": 70
    },
    "code": {
      "ndcg_mean": 0.0,
      "count": 65
    },
    "knowledge": {
      "ndcg_mean": 0.0,
      "count": 65
    }
  },
  "latency_all": [
    41.5222939918749,
    43.274599011056125,
    44.932808028534055,
    44.93805603124201,
    48.18960902048275,
    66.35261100018397,
    66.67505903169513,
    72.21203803783283,
    76.89460105029866,
    78.8172900211066,
    79.35508200898767,
    79.43559397244826,
    79.83141799923033,
    81.30489103496075,
    81.70111500658095,
    82.30076299514621,
    82.90781901450828,
    83.32732401322573,
    84.25438002450392,
    84.48302000761032,
    85.70908498950303,
    87.51476695761085,
    87.73262205068022,
    88.9971989672631,
    89.19166395207867,
    89.63471901370212,
    90.57611197931692,
    91.64281602716073,
    92.25510497344658,
    92.64187299413607,
    93.69752201018855,
    94.15126597741619,
    94.88484996836632,
    95.4098739894107,
    95.99693003110588,
    96.31656302371994,
    96.32702602539212,
    96.71605098992586,
    96.7814430478029,
    96.79205098655075,
    96.95433999877423,
    97.11859602248296,
    97.13993896730244,
    97.2170100430958,
    97.24405105225742,
    97.33789198799059,
    97.76656399480999,
    98.04795496165752,
    98.06144400499761,
    98.15510804764926,
    98.19405199959874,
    98.23385899653658,
    98.35469198878855,
    98.55158702703193,
    98.64051599288359,
    98.69784396141768,
    98.83686795365065,
    98.86150795500726,
    98.97152398480102,
    99.01017998345196,
    99.08781194826588,
    99.16390903526917,
    99.2607400403358,
    99.28072500042617,
    99.34864402748644,
    99.37190898926929,
    99.49829196557403,
    99.82341300928965,
    99.83520401874557,
    99.83837296022102,
    99.86477199709043,
    99.88387703197077,
    99.88649998558685,
    99.9481650069356,
    100.23493302287534,
    100.30027700122446,
    100.37533298600465,
    100.44509300496429,
    100.48603697214276,
    100.50403804052621,
    100.62126896809787,
    100.68307700566947,
    101.00765305105597,
    101.08533297898248,
    101.09642095630988,
    101.10299801453948,
    101.18469299050048,
    101.37907799798995,
    101.4353820355609,
    101.53744602575898,
    101.55845305416733,
    101.57507803523913,
    101.58898198278621,
    101.65035800309852,
    101.65874200174585,
    101.79434204474092,
    101.9694620044902,
    102.17195795848966,
    102.42902900790796,
    102.43109299335629,
    102.5275579886511,
    102.59538097307086,
    102.59650199441239,
    102.59691800456494,
    102.6895740069449,
    102.9883100418374,
    103.13175100600347,
    103.23503101244569,
    103.32536697387695,
    103.37170300772414,
    103.73640601756051,
    103.81874302402139,
    104.06242299359292,
    104.17085496010259,
    104.7335600014776,
    105.80357495928183,
    106.18384700501338,
    106.46988003281876,
    106.85087199090049,
    108.01122500561178,
    108.31103305099532,
    109.23717700643465,
    109.5831620041281,
    109.78453798452392,
    111.00530700059608,
    111.27783503616229,
    112.48364299535751,
    113.33873198600486,
    113.88087703380734,
    113.96895605139434,
    114.66767697129399,
    115.02913199365139,
    115.163707989268,
    115.54167699068785,
    115.963963966351,
    117.16551799327135,
    117.46500601293519,
    118.50894201779738,
    118.59463900327682,
    119.999471004121,
    120.20529597066343,
    121.29132699919865,
    121.84001604327932,
    121.86017498606816,
    121.90289504360408,
    122.68828798551112,
    123.04924899945036,
    123.97145800059661,
    124.73144102841616,
    124.99286502134055,
    127.23894702503458,
    127.38605099730194,
    127.58424296043813,
    129.12040401715785,
    129.91773197427392,
    131.1130619724281,
    132.0115269627422,
    134.04695101780817,
    134.69638995593414,
    136.6901840083301,
    137.65839202096686,
    137.7267599455081,
    139.17733600828797,
    140.4758170247078,
    140.72914596181363,
    142.36586698098108,
    143.73817201703787,
    143.7519309693016,
    144.3286360008642,
    144.63046001037583,
    144.80530697619542,
    147.94586901552975,
    148.85327796218917,
    151.1350719956681,
    151.9117600400932,
    152.08593499846756,
    152.93913602363318,
    153.02152099320665,
    154.48972902959213,
    158.38867501588538,
    160.03699600696564,
    160.71674099657685,
    161.9573810021393,
    162.23419702146202,
    162.8513970063068,
    163.57934998814017,
    163.84379798546433,
    164.12517504068092,
    165.01424700254574,
    178.347582987044,
    179.07465394819155,
    182.40078398957849,
    192.32152396580204,
    195.25871000951156,
    196.38693402521312,
    202.48461799928918,
    207.0902850246057,
    220.1729629887268,
    268.3296150062233,
    291.4598170318641
  ]
}