{
  "generate": {
    "iterations": 10,
    "mean_ms": 3200.278582633473,
    "p50_ms": 2989.130572997965,
    "p95_ms": 5222.1559749450535,
    "p99_ms": 5222.1559749450535,
    "min_ms": 2687.376171001233,
    "max_ms": 5222.1559749450535,
    "throughput": 0.3124727970329106,
    "tokens_per_second": 23.154234260138676
  },
  "embed": {
    "iterations": 10,
    "mean_ms": 1992.073013994377,
    "p50_ms": 1796.7040139483288,
    "p95_ms": 3734.728885930963,
    "p99_ms": 3734.728885930963,
    "min_ms": 1614.1472310991958,
    "max_ms": 3734.728885930963,
    "throughput": 0.5019896323954834
  }
}
