{
  "generate": {
    "iterations": 50,
    "mean_ms": 1849.467853384558,
    "p50_ms": 1769.485108088702,
    "p95_ms": 2415.7718640053645,
    "p99_ms": 4002.8996060136706,
    "min_ms": 1057.4307040078565,
    "max_ms": 4002.8996060136706,
    "throughput": 0.5406960700452201,
    "tokens_per_second": 38.19477038799435
  },
  "embed": {
    "iterations": 50,
    "mean_ms": 271.43953764112666,
    "p50_ms": 197.64599401969463,
    "p95_ms": 508.65376996807754,
    "p99_ms": 2592.8828469477594,
    "min_ms": 91.01996605750173,
    "max_ms": 2592.8828469477594,
    "throughput": 3.6840616834608357
  }
}
