{
  "generate": {
    "iterations": 10,
    "mean_ms": 1769.6483265957795,
    "p50_ms": 1493.9611629815772,
    "p95_ms": 3704.3372250627726,
    "p99_ms": 3704.3372250627726,
    "min_ms": 1258.4647439653054,
    "max_ms": 3704.3372250627726,
    "throughput": 0.5650840254366644,
    "tokens_per_second": 39.49937337802284
  },
  "embed": {
    "iterations": 10,
    "mean_ms": 427.0773079013452,
    "p50_ms": 208.42096710111946,
    "p95_ms": 2478.7883199751377,
    "p99_ms": 2478.7883199751377,
    "min_ms": 134.37136192806065,
    "max_ms": 2478.7883199751377,
    "throughput": 2.3414964492353687
  }
}
