{
  "generate": {
    "iterations": 1,
    "mean_ms": 3681.001977995038,
    "p50_ms": 3681.001977995038,
    "p95_ms": 3681.001977995038,
    "p99_ms": 3681.001977995038,
    "min_ms": 3681.001977995038,
    "max_ms": 3681.001977995038,
    "throughput": 0.271665162360135,
    "tokens_per_second": 19.831556852289854
  },
  "embed": {
    "iterations": 1,
    "mean_ms": 3834.3081700149924,
    "p50_ms": 3834.3081700149924,
    "p95_ms": 3834.3081700149924,
    "p99_ms": 3834.3081700149924,
    "min_ms": 3834.3081700149924,
    "max_ms": 3834.3081700149924,
    "throughput": 0.26080324159132207
  }
}
